Date_collected,Title,Price
2024-07-14 08:45:31.337967,CreativiT Graphic Printed T-Shirt for Unisex graphics Tshirt | Casual Half Sleeve Round Neck T-Shirt | 100% Cotton | D00255-50,425
2024-07-14 08:45:31.337967,CreativiT Graphic Printed T-Shirt for Unisex graphics Tshirt | Casual Half Sleeve Round Neck T-Shirt | 100% Cotton | D00255-50,425
2024-07-14 08:45:31.337967,CreativiT Graphic Printed T-Shirt for Unisex graphics Tshirt | Casual Half Sleeve Round Neck T-Shirt | 100% Cotton | D00255-50,425
2024-07-14 08:45:31.337967,CreativiT Graphic Printed T-Shirt for Unisex graphics Tshirt | Casual Half Sleeve Round Neck T-Shirt | 100% Cotton | D00255-50,425
2024-07-14 08:45:31.337967,CreativiT Graphic Printed T-Shirt for Unisex graphics Tshirt | Casual Half Sleeve Round Neck T-Shirt | 100% Cotton | D00255-50,425
2024-07-14 08:45:31.337967,CreativiT Graphic Printed T-Shirt for Unisex graphics Tshirt | Casual Half Sleeve Round Neck T-Shirt | 100% Cotton | D00255-50,425
2024-07-14 08:45:31.337967,CreativiT Graphic Printed T-Shirt for Unisex graphics Tshirt | Casual Half Sleeve Round Neck T-Shirt | 100% Cotton | D00255-50,425
2024-07-14 08:45:31.337967,CreativiT Graphic Printed T-Shirt for Unisex graphics Tshirt | Casual Half Sleeve Round Neck T-Shirt | 100% Cotton | D00255-50,425
2024-07-14 08:45:31.337967,CreativiT Graphic Printed T-Shirt for Unisex graphics Tshirt | Casual Half Sleeve Round Neck T-Shirt | 100% Cotton | D00255-50,425
2024-07-14 08:45:31.337967,CreativiT Graphic Printed T-Shirt for Unisex graphics Tshirt | Casual Half Sleeve Round Neck T-Shirt | 100% Cotton | D00255-50,425
2024-07-14 08:45:31.337967,CreativiT Graphic Printed T-Shirt for Unisex graphics Tshirt | Casual Half Sleeve Round Neck T-Shirt | 100% Cotton | D00255-50,425
2024-07-14 08:45:31.337967,CreativiT Graphic Printed T-Shirt for Unisex graphics Tshirt | Casual Half Sleeve Round Neck T-Shirt | 100% Cotton | D00255-50,425
2024-07-14 08:45:31.337967,CreativiT Graphic Printed T-Shirt for Unisex graphics Tshirt | Casual Half Sleeve Round Neck T-Shirt | 100% Cotton | D00255-50,425
2024-07-14 08:45:31.337967,CreativiT Graphic Printed T-Shirt for Unisex graphics Tshirt | Casual Half Sleeve Round Neck T-Shirt | 100% Cotton | D00255-50,425
2024-07-14 08:45:31.337967,CreativiT Graphic Printed T-Shirt for Unisex graphics Tshirt | Casual Half Sleeve Round Neck T-Shirt | 100% Cotton | D00255-50,425
2024-07-14 08:45:31.337967,CreativiT Graphic Printed T-Shirt for Unisex graphics Tshirt | Casual Half Sleeve Round Neck T-Shirt | 100% Cotton | D00255-50,425
2024-07-14 08:45:31.337967,CreativiT Graphic Printed T-Shirt for Unisex graphics Tshirt | Casual Half Sleeve Round Neck T-Shirt | 100% Cotton | D00255-50,425
2024-07-14 08:45:31.337967,CreativiT Graphic Printed T-Shirt for Unisex graphics Tshirt | Casual Half Sleeve Round Neck T-Shirt | 100% Cotton | D00255-50,425
2024-07-14 08:45:31.337967,CreativiT Graphic Printed T-Shirt for Unisex graphics Tshirt | Casual Half Sleeve Round Neck T-Shirt | 100% Cotton | D00255-50,425
2024-07-14 08:45:31.337967,CreativiT Graphic Printed T-Shirt for Unisex graphics Tshirt | Casual Half Sleeve Round Neck T-Shirt | 100% Cotton | D00255-50,425
2024-07-14 08:45:31.337967,CreativiT Graphic Printed T-Shirt for Unisex graphics Tshirt | Casual Half Sleeve Round Neck T-Shirt | 100% Cotton | D00255-50,425
2024-07-14 08:45:31.337967,CreativiT Graphic Printed T-Shirt for Unisex graphics Tshirt | Casual Half Sleeve Round Neck T-Shirt | 100% Cotton | D00255-50,425
2024-07-14 08:45:31.337967,CreativiT Graphic Printed T-Shirt for Unisex graphics Tshirt | Casual Half Sleeve Round Neck T-Shirt | 100% Cotton | D00255-50,425
2024-07-14 08:45:31.337967,CreativiT Graphic Printed T-Shirt for Unisex graphics Tshirt | Casual Half Sleeve Round Neck T-Shirt | 100% Cotton | D00255-50,425
2024-07-14 08:45:31.337967,CreativiT Graphic Printed T-Shirt for Unisex graphics Tshirt | Casual Half Sleeve Round Neck T-Shirt | 100% Cotton | D00255-50,425
2024-07-14 08:45:31.337967,CreativiT Graphic Printed T-Shirt for Unisex graphics Tshirt | Casual Half Sleeve Round Neck T-Shirt | 100% Cotton | D00255-50,425
2024-07-14 08:45:31.337967,CreativiT Graphic Printed T-Shirt for Unisex graphics Tshirt | Casual Half Sleeve Round Neck T-Shirt | 100% Cotton | D00255-50,425
2024-07-14 08:45:31.337967,CreativiT Graphic Printed T-Shirt for Unisex graphics Tshirt | Casual Half Sleeve Round Neck T-Shirt | 100% Cotton | D00255-50,425
2024-07-14 08:45:31.337967,CreativiT Graphic Printed T-Shirt for Unisex graphics Tshirt | Casual Half Sleeve Round Neck T-Shirt | 100% Cotton | D00255-50,425
2024-07-14 08:53:48.640694,CreativiT Graphic Printed T-Shirt for Unisex graphics Tshirt | Casual Half Sleeve Round Neck T-Shirt | 100% Cotton | D00255-50,425
2024-07-14 08:53:52.589830,CreativiT Graphic Printed T-Shirt for Unisex graphics Tshirt | Casual Half Sleeve Round Neck T-Shirt | 100% Cotton | D00255-50,425
2024-07-14 08:53:56.325579,CreativiT Graphic Printed T-Shirt for Unisex graphics Tshirt | Casual Half Sleeve Round Neck T-Shirt | 100% Cotton | D00255-50,425
2024-07-14 08:54:00.294536,CreativiT Graphic Printed T-Shirt for Unisex graphics Tshirt | Casual Half Sleeve Round Neck T-Shirt | 100% Cotton | D00255-50,425
2024-07-14 08:54:03.882150,CreativiT Graphic Printed T-Shirt for Unisex graphics Tshirt | Casual Half Sleeve Round Neck T-Shirt | 100% Cotton | D00255-50,425
2024-07-14 08:54:07.553834,CreativiT Graphic Printed T-Shirt for Unisex graphics Tshirt | Casual Half Sleeve Round Neck T-Shirt | 100% Cotton | D00255-50,425
2024-07-14 08:54:11.193450,CreativiT Graphic Printed T-Shirt for Unisex graphics Tshirt | Casual Half Sleeve Round Neck T-Shirt | 100% Cotton | D00255-50,425
2024-07-14 08:54:14.833981,CreativiT Graphic Printed T-Shirt for Unisex graphics Tshirt | Casual Half Sleeve Round Neck T-Shirt | 100% Cotton | D00255-50,425
2024-07-14 08:54:18.846539,CreativiT Graphic Printed T-Shirt for Unisex graphics Tshirt | Casual Half Sleeve Round Neck T-Shirt | 100% Cotton | D00255-50,425
2024-07-14 08:54:23.553840,CreativiT Graphic Printed T-Shirt for Unisex graphics Tshirt | Casual Half Sleeve Round Neck T-Shirt | 100% Cotton | D00255-50,425
2024-07-14 09:06:36.516417,CreativiT Graphic Printed T-Shirt for Unisex graphics Tshirt | Casual Half Sleeve Round Neck T-Shirt | 100% Cotton | D00255-50,425
2024-07-14 09:06:40.211361,CreativiT Graphic Printed T-Shirt for Unisex graphics Tshirt | Casual Half Sleeve Round Neck T-Shirt | 100% Cotton | D00255-50,425
